BLEU,ROUGE-1,ROUGE-2,ROUGE-L,avg_chars,n_eval,model
6.639285371544562,0.2861978536669555,0.20557661372562466,0.30925528068020347,323.875150060024,833,qwen2.5-0.5b
9.506669265003245,0.20725590320584406,0.1639576268527634,0.2955520028745263,295.937575030012,833,qwen3-4b
15.689067553855251,0.21063787068455778,0.16293607628775264,0.29411628465461653,140.74909963985596,833,qwen2.5-7b
13.623498954258864,0.2152911188804569,0.15735589617413015,0.2804185052197617,226.51380552220888,833,qwen2.5-1.5b
11.403318698984572,0.21306565142727116,0.16473533954287944,0.27822804436074167,575.0864345738295,833,qwen2.5-3b
